[{"_allAttributes":{"publicAttributes":[],"privateAttributes":[{"name":"theme","memberType":0,"location":{"uri":"file:///c%3A/SF%20Projects/lwcInvitationApp/force-app/main/default/lwc/invitationBanner/invitationBanner.js","range":{"start":{"line":6,"character":4},"end":{"line":6,"character":20}}},"detail":"LWC custom attribute"},{"name":"record-id","memberType":0,"location":{"uri":"file:///c%3A/SF%20Projects/lwcInvitationApp/force-app/main/default/lwc/invitationBanner/invitationBanner.js","range":{"start":{"line":7,"character":4},"end":{"line":7,"character":36}}},"detail":"LWC custom attribute"},{"name":"invitationdetails","memberType":0,"decorator":1,"location":{"uri":"file:///c%3A/SF%20Projects/lwcInvitationApp/force-app/main/default/lwc/invitationBanner/invitationBanner.js","range":{"start":{"line":8,"character":4},"end":{"line":8,"character":34}}},"detail":"LWC custom attribute"},{"name":"facebook-url","memberType":0,"location":{"uri":"file:///c%3A/SF%20Projects/lwcInvitationApp/force-app/main/default/lwc/invitationBanner/invitationBanner.js","range":{"start":{"line":10,"character":4},"end":{"line":10,"character":18}}},"detail":"LWC custom attribute"},{"name":"twitter-url","memberType":0,"location":{"uri":"file:///c%3A/SF%20Projects/lwcInvitationApp/force-app/main/default/lwc/invitationBanner/invitationBanner.js","range":{"start":{"line":11,"character":4},"end":{"line":11,"character":17}}},"detail":"LWC custom attribute"},{"name":"instagram-url","memberType":0,"location":{"uri":"file:///c%3A/SF%20Projects/lwcInvitationApp/force-app/main/default/lwc/invitationBanner/invitationBanner.js","range":{"start":{"line":12,"character":4},"end":{"line":12,"character":19}}},"detail":"LWC custom attribute"},{"name":"greeting-message","memberType":0,"location":{"uri":"file:///c%3A/SF%20Projects/lwcInvitationApp/force-app/main/default/lwc/invitationBanner/invitationBanner.js","range":{"start":{"line":13,"character":4},"end":{"line":13,"character":22}}},"detail":"LWC custom attribute"},{"name":"participants","memberType":0,"location":{"uri":"file:///c%3A/SF%20Projects/lwcInvitationApp/force-app/main/default/lwc/invitationBanner/invitationBanner.js","range":{"start":{"line":14,"character":4},"end":{"line":14,"character":19}}},"detail":"LWC custom attribute"},{"name":"intro","memberType":0,"location":{"uri":"file:///c%3A/SF%20Projects/lwcInvitationApp/force-app/main/default/lwc/invitationBanner/invitationBanner.js","range":{"start":{"line":15,"character":4},"end":{"line":15,"character":12}}},"detail":"LWC custom attribute"},{"name":"evt-date-time","memberType":0,"location":{"uri":"file:///c%3A/SF%20Projects/lwcInvitationApp/force-app/main/default/lwc/invitationBanner/invitationBanner.js","range":{"start":{"line":16,"character":4},"end":{"line":16,"character":18}}},"detail":"LWC custom attribute"},{"name":"is-confetti-loaded","memberType":0,"location":{"uri":"file:///c%3A/SF%20Projects/lwcInvitationApp/force-app/main/default/lwc/invitationBanner/invitationBanner.js","range":{"start":{"line":17,"character":4},"end":{"line":17,"character":28}}},"detail":"LWC custom attribute"},{"name":"instagram-image","memberType":0,"location":{"uri":"file:///c%3A/SF%20Projects/lwcInvitationApp/force-app/main/default/lwc/invitationBanner/invitationBanner.js","range":{"start":{"line":20,"character":4},"end":{"line":20,"character":62}}},"detail":"LWC custom attribute"},{"name":"facebook-image","memberType":0,"location":{"uri":"file:///c%3A/SF%20Projects/lwcInvitationApp/force-app/main/default/lwc/invitationBanner/invitationBanner.js","range":{"start":{"line":21,"character":4},"end":{"line":21,"character":60}}},"detail":"LWC custom attribute"},{"name":"twitter-image","memberType":0,"location":{"uri":"file:///c%3A/SF%20Projects/lwcInvitationApp/force-app/main/default/lwc/invitationBanner/invitationBanner.js","range":{"start":{"line":22,"character":4},"end":{"line":22,"character":58}}},"detail":"LWC custom attribute"},{"name":"interval-id","memberType":0,"location":{"uri":"file:///c%3A/SF%20Projects/lwcInvitationApp/force-app/main/default/lwc/invitationBanner/invitationBanner.js","range":{"start":{"line":25,"character":4},"end":{"line":25,"character":14}}},"detail":"LWC custom attribute"},{"name":"days","memberType":0,"location":{"uri":"file:///c%3A/SF%20Projects/lwcInvitationApp/force-app/main/default/lwc/invitationBanner/invitationBanner.js","range":{"start":{"line":26,"character":4},"end":{"line":26,"character":10}}},"detail":"LWC custom attribute"},{"name":"minutes","memberType":0,"location":{"uri":"file:///c%3A/SF%20Projects/lwcInvitationApp/force-app/main/default/lwc/invitationBanner/invitationBanner.js","range":{"start":{"line":27,"character":4},"end":{"line":27,"character":13}}},"detail":"LWC custom attribute"},{"name":"hours","memberType":0,"location":{"uri":"file:///c%3A/SF%20Projects/lwcInvitationApp/force-app/main/default/lwc/invitationBanner/invitationBanner.js","range":{"start":{"line":28,"character":4},"end":{"line":28,"character":11}}},"detail":"LWC custom attribute"},{"name":"seconds","memberType":0,"location":{"uri":"file:///c%3A/SF%20Projects/lwcInvitationApp/force-app/main/default/lwc/invitationBanner/invitationBanner.js","range":{"start":{"line":29,"character":4},"end":{"line":29,"character":13}}},"detail":"LWC custom attribute"},{"name":"banner-image","memberType":0,"location":{"uri":"file:///c%3A/SF%20Projects/lwcInvitationApp/force-app/main/default/lwc/invitationBanner/invitationBanner.js","range":{"start":{"line":31,"character":4},"end":{"line":34,"character":5}}},"detail":"LWC custom attribute"}]},"_properties":null,"_methods":[{"name":"invitationDetailHandler","type":"method","decorator":"wire","loc":{"start":{"line":38,"column":4},"end":{"line":56,"column":5}}},{"name":"countdownTimer","type":"method","loc":{"start":{"line":59,"column":4},"end":{"line":77,"column":5}}},{"name":"renderedCallback","type":"method","loc":{"start":{"line":79,"column":4},"end":{"line":95,"column":5}}}],"file":"c:/SF Projects/lwcInvitationApp/force-app/main/default/lwc/invitationBanner/invitationBanner.js","metadata":{"decorators":[{"type":"wire","targets":[{"type":"method","name":"invitationDetailHandler","static":{},"params":{"Id":"recordId"},"adapter":{"name":"getInvitationDetailsById","reference":"@salesforce/apex/invitationController.getInvitationDetailsById"}}]},{"type":"track","targets":[{"name":"invitationdetails","type":"property"}]}],"classMembers":[{"name":"theme","type":"property","value":{"type":"string","value":"theme1"},"loc":{"start":{"line":7,"column":4},"end":{"line":7,"column":20}}},{"name":"recordId","type":"property","value":{"type":"string","value":"a0Bak00000Txu8kEAB"},"loc":{"start":{"line":8,"column":4},"end":{"line":8,"column":36}}},{"name":"invitationdetails","type":"property","value":{"type":"object","value":{}},"decorator":"track","loc":{"start":{"line":9,"column":4},"end":{"line":9,"column":34}}},{"name":"facebookUrl","type":"property","value":{"type":"string","value":""},"loc":{"start":{"line":11,"column":4},"end":{"line":11,"column":18}}},{"name":"twitterUrl","type":"property","value":{"type":"string","value":""},"loc":{"start":{"line":12,"column":4},"end":{"line":12,"column":17}}},{"name":"instagramUrl","type":"property","value":{"type":"string","value":""},"loc":{"start":{"line":13,"column":4},"end":{"line":13,"column":19}}},{"name":"greetingMessage","type":"property","value":{"type":"string","value":""},"loc":{"start":{"line":14,"column":4},"end":{"line":14,"column":22}}},{"name":"participants","type":"property","value":{"type":"string","value":""},"loc":{"start":{"line":15,"column":4},"end":{"line":15,"column":19}}},{"name":"intro","type":"property","value":{"type":"string","value":""},"loc":{"start":{"line":16,"column":4},"end":{"line":16,"column":12}}},{"name":"evtDateTime","type":"property","value":{"type":"string","value":""},"loc":{"start":{"line":17,"column":4},"end":{"line":17,"column":18}}},{"name":"isConfettiLoaded","type":"property","value":{"type":"boolean","value":false},"loc":{"start":{"line":18,"column":4},"end":{"line":18,"column":28}}},{"name":"instagramImage","type":"property","value":{"type":"unresolved"},"loc":{"start":{"line":21,"column":4},"end":{"line":21,"column":62}}},{"name":"facebookImage","type":"property","value":{"type":"unresolved"},"loc":{"start":{"line":22,"column":4},"end":{"line":22,"column":60}}},{"name":"twitterImage","type":"property","value":{"type":"unresolved"},"loc":{"start":{"line":23,"column":4},"end":{"line":23,"column":58}}},{"name":"intervalId","type":"property","loc":{"start":{"line":26,"column":4},"end":{"line":26,"column":14}}},{"name":"days","type":"property","loc":{"start":{"line":27,"column":4},"end":{"line":27,"column":10}}},{"name":"minutes","type":"property","loc":{"start":{"line":28,"column":4},"end":{"line":28,"column":13}}},{"name":"hours","type":"property","loc":{"start":{"line":29,"column":4},"end":{"line":29,"column":11}}},{"name":"seconds","type":"property","loc":{"start":{"line":30,"column":4},"end":{"line":30,"column":13}}},{"name":"bannerImage","type":"property","loc":{"start":{"line":32,"column":4},"end":{"line":35,"column":5}}},{"name":"invitationDetailHandler","type":"method","decorator":"wire","loc":{"start":{"line":38,"column":4},"end":{"line":56,"column":5}}},{"name":"countdownTimer","type":"method","loc":{"start":{"line":59,"column":4},"end":{"line":77,"column":5}}},{"name":"renderedCallback","type":"method","loc":{"start":{"line":79,"column":4},"end":{"line":95,"column":5}}}],"declarationLoc":{"start":{"line":6,"column":0},"end":{"line":96,"column":1}},"doc":"","exports":[{"type":"ExportDefaultDeclaration"}]},"updatedAt":"2025-03-04T17:15:00.961Z"},{"_allAttributes":{"publicAttributes":[],"privateAttributes":[{"name":"record-id","memberType":0,"location":{"uri":"file:///c%3A/SF%20Projects/lwcInvitationApp/force-app/main/default/lwc/invitationAddress/invitationAddress.js","range":{"start":{"line":4,"character":4},"end":{"line":4,"character":35}}},"detail":"LWC custom attribute"},{"name":"address-details","memberType":0,"location":{"uri":"file:///c%3A/SF%20Projects/lwcInvitationApp/force-app/main/default/lwc/invitationAddress/invitationAddress.js","range":{"start":{"line":5,"character":4},"end":{"line":5,"character":21}}},"detail":"LWC custom attribute"}]},"_properties":null,"_methods":[{"name":"addressHandler","type":"method","decorator":"wire","loc":{"start":{"line":7,"column":4},"end":{"line":16,"column":5}}}],"file":"c:/SF Projects/lwcInvitationApp/force-app/main/default/lwc/invitationAddress/invitationAddress.js","metadata":{"decorators":[{"type":"wire","targets":[{"type":"method","name":"addressHandler","static":{},"params":{"Id":"recordId"},"adapter":{"name":"getInvitationAddress","reference":"@salesforce/apex/invitationController.getInvitationAddress"}}]}],"classMembers":[{"name":"recordId","type":"property","value":{"type":"string","value":"a0Bak00000Txu8kEAB"},"loc":{"start":{"line":5,"column":4},"end":{"line":5,"column":35}}},{"name":"addressDetails","type":"property","value":{"type":"object","value":{}},"loc":{"start":{"line":6,"column":4},"end":{"line":6,"column":21}}},{"name":"addressHandler","type":"method","decorator":"wire","loc":{"start":{"line":7,"column":4},"end":{"line":16,"column":5}}}],"declarationLoc":{"start":{"line":3,"column":0},"end":{"line":18,"column":1}},"doc":"","exports":[{"type":"ExportDefaultDeclaration"}]},"updatedAt":"2025-03-03T20:07:45.073Z"},{"_allAttributes":{"publicAttributes":[],"privateAttributes":[{"name":"record-id","memberType":0,"location":{"uri":"file:///c%3A/SF%20Projects/lwcInvitationApp/force-app/main/default/lwc/invitationDetailsComponent/invitationDetailsComponent.js","range":{"start":{"line":4,"character":4},"end":{"line":4,"character":36}}},"detail":"LWC custom attribute"},{"name":"program-list","memberType":0,"location":{"uri":"file:///c%3A/SF%20Projects/lwcInvitationApp/force-app/main/default/lwc/invitationDetailsComponent/invitationDetailsComponent.js","range":{"start":{"line":6,"character":4},"end":{"line":6,"character":18}}},"detail":"LWC custom attribute"}]},"_properties":null,"_methods":[{"name":"programDetailsHandler","type":"method","decorator":"wire","loc":{"start":{"line":8,"column":4},"end":{"line":17,"column":5}}}],"file":"c:/SF Projects/lwcInvitationApp/force-app/main/default/lwc/invitationDetailsComponent/invitationDetailsComponent.js","metadata":{"decorators":[{"type":"wire","targets":[{"type":"method","name":"programDetailsHandler","static":{},"params":{"Id":"recordId"},"adapter":{"name":"getProgramDetailsByInvitationId","reference":"@salesforce/apex/invitationController.getProgramDetailsByInvitationId"}}]}],"classMembers":[{"name":"recordId","type":"property","value":{"type":"string","value":"a0Bak00000Txu8kEAB"},"loc":{"start":{"line":5,"column":4},"end":{"line":5,"column":36}}},{"name":"programList","type":"property","loc":{"start":{"line":7,"column":4},"end":{"line":7,"column":18}}},{"name":"programDetailsHandler","type":"method","decorator":"wire","loc":{"start":{"line":8,"column":4},"end":{"line":17,"column":5}}}],"declarationLoc":{"start":{"line":3,"column":0},"end":{"line":19,"column":1}},"doc":"","exports":[{"type":"ExportDefaultDeclaration"}]},"updatedAt":"2025-03-03T20:07:45.121Z"},{"_allAttributes":{"publicAttributes":[],"privateAttributes":[{"name":"record-id","memberType":0,"location":{"uri":"file:///c%3A/SF%20Projects/lwcInvitationApp/force-app/main/default/lwc/invitationResponse/invitationResponse.js","range":{"start":{"line":5,"character":4},"end":{"line":5,"character":33}}},"detail":"LWC custom attribute"},{"name":"form-data","memberType":0,"location":{"uri":"file:///c%3A/SF%20Projects/lwcInvitationApp/force-app/main/default/lwc/invitationResponse/invitationResponse.js","range":{"start":{"line":6,"character":4},"end":{"line":6,"character":15}}},"detail":"LWC custom attribute"},{"name":"rsvp-details-info","memberType":0,"location":{"uri":"file:///c%3A/SF%20Projects/lwcInvitationApp/force-app/main/default/lwc/invitationResponse/invitationResponse.js","range":{"start":{"line":7,"character":4},"end":{"line":7,"character":22}}},"detail":"LWC custom attribute"},{"name":"rsvp-options","memberType":0,"location":{"uri":"file:///c%3A/SF%20Projects/lwcInvitationApp/force-app/main/default/lwc/invitationResponse/invitationResponse.js","range":{"start":{"line":8,"character":4},"end":{"line":8,"character":18}}},"detail":"LWC custom attribute"},{"name":"rsvp-message","memberType":0,"location":{"uri":"file:///c%3A/SF%20Projects/lwcInvitationApp/force-app/main/default/lwc/invitationResponse/invitationResponse.js","range":{"start":{"line":9,"character":4},"end":{"line":9,"character":18}}},"detail":"LWC custom attribute"}]},"_properties":null,"_methods":[{"name":"picklistHandler","type":"method","decorator":"wire","loc":{"start":{"line":12,"column":4},"end":{"line":23,"column":5}}},{"name":"rsvpHandler","type":"method","decorator":"wire","loc":{"start":{"line":25,"column":4},"end":{"line":35,"column":5}}},{"name":"changeHandler","type":"method","loc":{"start":{"line":37,"column":4},"end":{"line":40,"column":5}}},{"name":"submitHandler","type":"method","loc":{"start":{"line":41,"column":4},"end":{"line":63,"column":5}}},{"name":"checkAndSetMessage","type":"method","loc":{"start":{"line":65,"column":4},"end":{"line":86,"column":5}}},{"name":"isRespondByDateIsPast","type":"method","loc":{"start":{"line":88,"column":4},"end":{"line":99,"column":5}}}],"file":"c:/SF Projects/lwcInvitationApp/force-app/main/default/lwc/invitationResponse/invitationResponse.js","metadata":{"decorators":[{"type":"wire","targets":[{"type":"method","name":"picklistHandler","static":{},"params":{},"adapter":{"name":"getResponsePicklistValues","reference":"@salesforce/apex/invitationController.getResponsePicklistValues"}},{"type":"method","name":"rsvpHandler","static":{},"params":{"Id":"recordId"},"adapter":{"name":"getRSVPDetails","reference":"@salesforce/apex/invitationController.getRSVPDetails"}}]}],"classMembers":[{"name":"recordId","type":"property","value":{"type":"string","value":"a0Bak00000Txu8kEAB"},"loc":{"start":{"line":6,"column":4},"end":{"line":6,"column":33}}},{"name":"formData","type":"property","value":{"type":"object","value":{}},"loc":{"start":{"line":7,"column":4},"end":{"line":7,"column":15}}},{"name":"rsvpDetailsInfo","type":"property","value":{"type":"object","value":{}},"loc":{"start":{"line":8,"column":4},"end":{"line":8,"column":22}}},{"name":"rsvpOptions","type":"property","loc":{"start":{"line":9,"column":4},"end":{"line":9,"column":18}}},{"name":"rsvpMessage","type":"property","value":{"type":"string","value":""},"loc":{"start":{"line":10,"column":4},"end":{"line":10,"column":18}}},{"name":"picklistHandler","type":"method","decorator":"wire","loc":{"start":{"line":12,"column":4},"end":{"line":23,"column":5}}},{"name":"rsvpHandler","type":"method","decorator":"wire","loc":{"start":{"line":25,"column":4},"end":{"line":35,"column":5}}},{"name":"changeHandler","type":"method","loc":{"start":{"line":37,"column":4},"end":{"line":40,"column":5}}},{"name":"submitHandler","type":"method","loc":{"start":{"line":41,"column":4},"end":{"line":63,"column":5}}},{"name":"checkAndSetMessage","type":"method","loc":{"start":{"line":65,"column":4},"end":{"line":86,"column":5}}},{"name":"isRespondByDateIsPast","type":"method","loc":{"start":{"line":88,"column":4},"end":{"line":99,"column":5}}}],"declarationLoc":{"start":{"line":5,"column":0},"end":{"line":100,"column":1}},"doc":"","exports":[{"type":"ExportDefaultDeclaration"}]},"updatedAt":"2025-03-03T20:07:45.105Z"}]